ID,Sources,R_d15N,R_d13C,DR_d15N,DR_d13C,Conc_d15N,Conc_d13C,n
1,Enteromorpha,13.35627975,-12.42701092,1.335627975,1.242701092,0.0139,0.1844,14
2,Grass,7.9721601,-29.24984395,0.79721601,2.924984395,0.0355,0.4026,14
3,Zostera,10.02898447,-9.54022768,1.002898447,0.954022768,0.0297,0.3593,14
4,Mixture,10.64386705,-16.78839132,,,,,
